L1_G9,L2_G10,L3_G11,L4_G12
CP_9,CP_10,CP_11,CP_12
CP_9,CP_10,CP_11,H_12
CP_9,CP_10,H_11,H_12
CP_9,CP_10,H_11,CP_12
CP_9,H_10,CP_11,H_12
CP_9,H_10,CP_11,CP_12
CP_9,H_10,H_11,CP_12
CP_9,H_10,H_11,H_12
CP_9,CP_10,AP Lan ,CP_12
CP_9,CP_10,AP Lan ,H_12
CP_9,H_10,AP Lan ,H_12
CP_9,H_10,AP Lan ,CP_12
CP_9,CP_10,AP Lan ,DE_ENG121
CP_9,CP_10,DE_ENG101 ,CP_12
CP_9,CP_10,DE_ENG101 ,H_12
CP_9,CP_10,DE_ENG101 ,AP Lan 
CP_9,CP_10,DE_ENG101 ,DE_ENG101 
CP_9,CP_10,CP_11,DE_ENG101 
CP_9,H_10,H_11,DE_ENG101 
CP_9,CP_10,H_11,DE_ENG121
CP_9,H_10,CP_11,DE_ENG121
CP_9,Yearbook,,
CP_9,CP_10,Yearbook,
CP_9,CP_10,CP_11,AP Lan 
CP_9,CP_10,H_11,AP Lan 
CP_9,H_10,CP_11,AP Lan 
CP_9,H_10,H_11,AP Lan 
